"Iterms";"X2014.Total";"X2014.Permanent.house";"X2014.Semi.Permanent.house";"X2014.Less.temporary.house";"X2014.Simple.permanent.house";"Pre..2016.Total";"Pre..2016.Permanent.house";"Pre..2016.Semi.Permanent.house";"Pre..2016.Less.temporary.house";"Pre..2016.Simple.permanent.house"
"Iterms";"X2014.Total";"X2014.Permanent.house";"X2014.Semi.Permanent.house";"X2014.Less.temporary.house";"X2014.Simple.permanent.house";"Pre..2016.Total";"Pre..2016.Permanent.house";"Pre..2016.Semi.Permanent.house";"Pre..2016.Less.temporary.house";"Pre..2016.Simple.permanent.house"
"income_quintile_quintile_1";"100";"42.3";"34.7";"13.5";"9.5";"100";"40.3";"38.1";"13.5";"8.1"
"income_quintile_quintile_2";"100";"49.8";"38";"7.9";"4.3";"100";"47.5";"40.9";"8.1";"3.5"
"income_quintile_quintile_3";"100";"52.1";"41.1";"4.3";"2.5";"100";"50.9";"43.2";"4.3";"1.6"
"income_quintile_quintile_4";"100";"52.2";"44.1";"2.4";"1.3";"100";"51.1";"46";"2";"0.9"
"income_quintile_quintile_5";"100";"55.2";"42.9";"1.3";"0.6";"100";"55.3";"43.1";"1.2";"0.4"
