﻿"State investment by investment source chia theo Iterms, Year và Investment source"

"Iterms";"Year";"Total";"State budget";"Loan";"Equity of State owned enterprises and other sources"
"At current prices ( Bill. Dongs)";"1995";30447.0;13575.0;6064.0;10808.0
"At current prices ( Bill. Dongs)";"1996";42894.0;19544.0;8280.0;15070.0
"At current prices ( Bill. Dongs)";"1997";53570.0;23570.0;12700.0;17300.0
"At current prices ( Bill. Dongs)";"1998";65034.0;26300.0;18400.0;20334.0
"At current prices ( Bill. Dongs)";"1999";76958.0;31763.0;24693.0;20502.0
"At current prices ( Bill. Dongs)";"2000";89417.0;39006.0;27774.0;22637.0
"At current prices ( Bill. Dongs)";"2001";101973.0;45594.0;28723.0;27656.0
"At current prices ( Bill. Dongs)";"2002";114738.0;50210.0;34937.0;29591.0
"At current prices ( Bill. Dongs)";"2003";126558.0;56992.0;38988.0;30578.0
"At current prices ( Bill. Dongs)";"2004";139831.0;69207.0;35634.0;34990.0
"At current prices ( Bill. Dongs)";"2005";161635.0;87932.0;35975.0;37728.0
"At current prices ( Bill. Dongs)";"2006";185102.0;100201.0;26837.0;58064.0
"At current prices ( Bill. Dongs)";"2007";197989.0;107328.0;30504.0;60157.0
"At current prices ( Bill. Dongs)";"2008";209031.0;129203.0;28124.0;51704.0
"At current prices ( Bill. Dongs)";"2009";287534.0;184941.0;40418.0;62175.0
"At current prices ( Bill. Dongs)";"2010";316285.0;141709.0;115864.0;58712.0
"At current prices ( Bill. Dongs)";"2011";341555.0;177977.0;114085.0;49493.0
"At current prices ( Bill. Dongs)";"2012";406514.0;205022.0;149516.0;51976.0
"At current prices ( Bill. Dongs)";"2013";441924.0;207152.0;162486.0;72286.0
"At current prices ( Bill. Dongs)";"2014";486804.0;207704.0;198202.0;80898.0
"At current prices ( Bill. Dongs)";"2015";519878.0;233378.0;201000.0;85500.0
"At current prices ( Bill. Dongs)";"Prel. 2016";557496.0;268596.0;198000.0;90900.0
" Structure(%)";"1995";100.0;44.6;19.9;35.5
" Structure(%)";"1996";100.0;45.6;19.3;35.1
" Structure(%)";"1997";100.0;44.0;23.7;32.3
" Structure(%)";"1998";100.0;40.4;28.3;31.3
" Structure(%)";"1999";100.0;41.3;32.1;26.6
" Structure(%)";"2000";100.0;43.6;31.1;25.3
" Structure(%)";"2001";100.0;44.7;28.2;27.1
" Structure(%)";"2002";100.0;43.8;30.4;25.8
" Structure(%)";"2003";100.0;45.0;30.8;24.2
" Structure(%)";"2004";100.0;49.5;25.5;25.0
" Structure(%)";"2005";100.0;54.4;22.3;23.3
" Structure(%)";"2006";100.0;54.1;14.5;31.4
" Structure(%)";"2007";100.0;54.2;15.4;30.4
" Structure(%)";"2008";100.0;61.8;13.5;24.7
" Structure(%)";"2009";100.0;64.3;14.1;21.6
" Structure(%)";"2010";100.0;44.8;36.6;18.6
" Structure(%)";"2011";100.0;52.1;33.4;14.5
" Structure(%)";"2012";100.0;50.4;36.8;12.8
" Structure(%)";"2013";100.0;46.9;36.8;16.3
" Structure(%)";"2014";100.0;42.7;40.7;16.6
" Structure(%)";"2015";100.0;44.9;38.7;16.4
" Structure(%)";"Prel. 2016";100.0;48.2;35.5;16.3
"At constant 2010 price (Bill. Dongs)";"1995";..;..;..;..
"At constant 2010 price (Bill. Dongs)";"1996";..;..;..;..
"At constant 2010 price (Bill. Dongs)";"1997";..;..;..;..
"At constant 2010 price (Bill. Dongs)";"1998";..;..;..;..
"At constant 2010 price (Bill. Dongs)";"1999";..;..;..;..
"At constant 2010 price (Bill. Dongs)";"2000";..;..;..;..
"At constant 2010 price (Bill. Dongs)";"2001";..;..;..;..
"At constant 2010 price (Bill. Dongs)";"2002";..;..;..;..
"At constant 2010 price (Bill. Dongs)";"2003";..;..;..;..
"At constant 2010 price (Bill. Dongs)";"2004";..;..;..;..
"At constant 2010 price (Bill. Dongs)";"2005";233948.0;121653.0;56381.0;55914.0
"At constant 2010 price (Bill. Dongs)";"2006";255831.0;138067.0;39664.0;78100.0
"At constant 2010 price (Bill. Dongs)";"2007";268148.0;142655.0;45317.0;80176.0
"At constant 2010 price (Bill. Dongs)";"2008";259866.0;153952.0;41104.0;64810.0
"At constant 2010 price (Bill. Dongs)";"2009";318498.0;194602.0;53826.0;70070.0
"At constant 2010 price (Bill. Dongs)";"2010";316285.0;141709.0;115864.0;58712.0
"At constant 2010 price (Bill. Dongs)";"2011";287242.0;150214.0;95823.0;41205.0
"At constant 2010 price (Bill. Dongs)";"2012";325918.0;163903.0;120017.0;41998.0
"At constant 2010 price (Bill. Dongs)";"2013";351005.0;164004.0;129212.0;57789.0
"At constant 2010 price (Bill. Dongs)";"2014";379694.0;160932.0;155003.0;63759.0
"At constant 2010 price (Bill. Dongs)";"2015";397324.0;178350.0;153622.0;65352.0
"At constant 2010 price (Bill. Dongs)";"Prel. 2016";430254.0;207461.0;152731.0;70062.0
"Index  (Previous year=100)-%";"1995";..;..;..;..
"Index  (Previous year=100)-%";"1996";..;..;..;..
"Index  (Previous year=100)-%";"1997";..;..;..;..
"Index  (Previous year=100)-%";"1998";..;..;..;..
"Index  (Previous year=100)-%";"1999";..;..;..;..
"Index  (Previous year=100)-%";"2000";..;..;..;..
"Index  (Previous year=100)-%";"2001";..;..;..;..
"Index  (Previous year=100)-%";"2002";..;..;..;..
"Index  (Previous year=100)-%";"2003";..;..;..;..
"Index  (Previous year=100)-%";"2004";..;..;..;..
"Index  (Previous year=100)-%";"2005";110.2;117.5;101.0;105.4
"Index  (Previous year=100)-%";"2006";109.4;113.5;70.3;139.7
"Index  (Previous year=100)-%";"2007";104.8;103.3;114.3;102.7
"Index  (Previous year=100)-%";"2008";96.9;107.9;90.7;80.8
"Index  (Previous year=100)-%";"2009";122.6;126.4;131.0;108.1
"Index  (Previous year=100)-%";"2010";99.3;72.8;215.3;83.8
"Index  (Previous year=100)-%";"2011";90.8;106.0;82.7;70.2
"Index  (Previous year=100)-%";"2012";113.5;109.1;125.2;101.9
"Index  (Previous year=100)-%";"2013";107.7;100.1;107.7;137.6
"Index  (Previous year=100)-%";"2014";108.2;98.1;120.0;110.3
"Index  (Previous year=100)-%";"2015";104.6;110.8;99.1;102.5
"Index  (Previous year=100)-%";"Prel. 2016";108.3;116.3;99.4;107.2
