﻿"Number of health establishments by types of establishment and by management level(*) by Types of establishment, Year and Management level"

"Types of establishment";"2010 Total";"2010 Ministry of Health";"2010 Provincial departments of health";"2010 Under others";"2011 Total";"2011 Ministry of Health";"2011 Provincial departments of health";"2011 Under others";"2014 Total";"2014 Ministry of Health";"2014 Provincial departments of health";"2014 Under others";"2015 Total";"2015 Ministry of Health";"2015 Provincial departments of health";"2015 Under others";"2016 Total";"2016 Ministry of Health";"2016 Provincial departments of health";"2016 Under others"
"Total";13467;47;12667;753;13506;46;12679;781;13611;46;12785;780;13617;46;12791;780;13591;46;12779;766
"Hospital";1030;42;966;22;1040;43;971;26;1063;43;994;26;1071;43;1002;26;1077;43;1012;22
"Sanatorium and rehabilitation hospital";44;1;33;10;59;1;31;27;61;..;34;27;61;..;34;27;62;..;35;27
"Leprosariums";20;2;18;..;18;..;18;..;21;3;18;..;21;3;18;..;22;3;19;..
"Marternity clinic";13;..;13;..;12;..;12;..;11;..;11;..;11;..;11;..;9;..;9;..
"Regional polyclinic";622;2;609;11;620;2;600;18;635;..;618;17;630;..;613;17;609;..;602;7
"Medical service unit in communes, recincts, offices and enterprises";11738;..;11028;710;11757;..;11047;710;11820;..;11110;710;11823;..;11113;710;..;..;..;..
"Medical service unit in offices, enterprises";710;..;..;710;710;..;..;710;710;..;..;710;710;..;..;710;11812;..;11102;710
