"Indicators";"X2010";"X2013";"X2014";"X2015";"Pre..2016"
"Indicators";"X2010";"X2013";"X2014";"X2015";"Pre..2016"
"rate_of_weight_for_age_malnutrition_urban";NA;NA;"8.7";"7.8";"7.5"
"rate_of_weight_for_age_malnutrition_rural";NA;NA;"17.1";"17.1";"16.9"
"rate_of_height_for_age_malnutrition_urban";NA;NA;"15.9";"10.8";"10.6"
"rate_of_height_for_age_malnutrition_rural";NA;NA;"28.7";"28.1";"28"
"rate_of_weight_for_height_malnutrition_urban";NA;NA;"5.7";"5.2";"5.1"
"rate_of_weight_for_height_malnutrition_rural";NA;NA;"8.5";"8.4";"8.3"
