﻿"Some main indicators on capacity of transportation by Year, Indicators and Management"

"Year";"Indicators";"Total";"Central management";"Provincial city management";"District management"
"2015";"Road (Km)";218224;19545;35870;162809
"2015";"Asphalted road (Km)";113767;19109;31586;63072
"2015";"Stone paved road (Km)";17987;126;1044;16817
"2015";"Mixed stone & soil road (Km)";32796;274;1926;30596
"2015";"Soil road (Km)";53674;36;1314;52324
"2015";"Inland waterways (Km)";44338;9900;13420;21018
"2015";"Inland waterways weight under 50 tons (Km)";24509;843;5437;18229
"2015";"Inland waterways weight 51 tons - 100 tons (Km)";7519;2269;3098;2152
"2015";"Inland waterways weight 101 tons - 500 tons (Km)";6138;3006;2595;537
"2015";"Inland waterways weight 501 tons - 1000 tons (Km)";3091;2191;840;61
"2015";"Inland waterways weight over 1001 tons (Km)";3081;1591;1450;39
"2015";"Number of bridges (Unit)";..;..;..;..
"2015";"Total length of bridges (M)";30916;3883;7696;19337
"2014";"Road (Km)";939023;218735;247618;472670
"2014";"Asphalted road (Km)";108323;16602;31777;59944
"2014";"Stone paved road (Km)";6527;29;915;5583
"2014";"Mixed stone & soil road (Km)";48892;151;3619;45122
"2014";"Soil road (Km)";48409;50;1569;46790
"2014";"Inland waterways (Km)";40005;7866;11889;20250
"2014";"Inland waterways weight under 50 tons (Km)";24859;889;5677;18293
"2014";"Inland waterways weight 51 tons - 100 tons (Km)";5426;1146;2960;1320
"2014";"Inland waterways weight 101 tons - 500 tons (Km)";5745;2918;2235;592
"2014";"Inland waterways weight 501 tons - 1000 tons (Km)";2949;1926;978;45
"2014";"Inland waterways weight over 1001 tons (Km)";1026;987;39;..
"2014";"Number of bridges (Unit)";29019;3578;7706;17735
"2014";"Total length of bridges (M)";924573;169327;313290;441956
"2013";"Road (Km)";211496;16514;37671;157311
"2013";"Asphalted road (Km)";108023;16302;31777;59944
"2013";"Stone paved road (Km)";6509;11;915;5583
"2013";"Mixed stone & soil road (Km)";48555;151;3410;44994
"2013";"Soil road (Km)";48409;50;1569;46790
"2013";"Inland waterways (Km)";39755;7827;11804;20124
"2013";"Inland waterways weight under 50 tons (Km)";24749;850;5607;18293
"2013";"Inland waterways weight 51 tons - 100 tons (Km)";5323;1146;2960;1217
"2013";"Inland waterways weight 101 tons - 500 tons (Km)";5746;2918;2235;592
"2013";"Inland waterways weight 501 tons - 1000 tons (Km)";2927;1926;978;23
"2013";"Inland waterways weight over 1001 tons (Km)";1011;987;24;..
"2013";"Number of bridges (Unit)";29019;3578;7706;17735
"2013";"Total length of bridges (M)";924573;169327;313290;441956
"2012";"Road (Km)";216557;16226;39919;160412
"2012";"Asphalted road (Km)";112940;15628;32548;64764
"2012";"Stone paved road (Km)";5511;13;1294;4204
"2012";"Mixed stone & soil road (Km)";42189;333;3966;37890
"2012";"Soil road (Km)";55917;252;2111;53554
"2012";"Inland waterways (Km)";49740;8334;11863;29543
"2012";"Inland waterways weight under 50 tons (Km)";33789;821;5809;27159
"2012";"Inland waterways weight 51 tons - 100 tons (Km)";5614;1105;2955;1554
"2012";"Inland waterways weight 101 tons - 500 tons (Km)";6229;3230;2192;807
"2012";"Inland waterways weight 501 tons - 1000 tons (Km)";3126;2210;893;23
"2012";"Inland waterways weight over 1001 tons (Km)";982;968;14;..
"2012";"Number of bridges (Unit)";34253;3467;7826;22960
"2012";"Total length of bridges (M)";1070606;168750;312903;588953
"2011";"Road (Km)";206633;15643;37235;153755
"2011";"Asphalted road (Km)";102079;15348;29116;57615
"2011";"Stone paved road (Km)";6753;..;2565;4188
"2011";"Mixed stone & soil road (Km)";39506;295;3914;35297
"2011";"Soil road (Km)";58295;..;1640;56655
"2011";"Inland waterways (Km)";47130;8888;11878;26364
"2011";"Inland waterways weight under 50 tons (Km)";30831;1001;5973;23857
"2011";"Inland waterways weight 51 tons - 100 tons (Km)";6017;1274;3014;1729
"2011";"Inland waterways weight 101 tons - 500 tons (Km)";6092;3223;2121;749
"2011";"Inland waterways weight 501 tons - 1000 tons (Km)";2991;2197;765;29
"2011";"Inland waterways weight over 1001 tons (Km)";1199;1193;5;..
"2011";"Number of bridges (Unit)";31333;3213;7573;20547
"2011";"Total length of bridges (M)";945944;167044;296256;482644
"2010";"Road (Km)";188744;15370;36590;136784
"2010";"Asphalted road (Km)";93535;15085;27976;50474
"2010";"Stone paved road (Km)";7044;..;1830;5213
"2010";"Mixed stone & soil road (Km)";34879;285;4175;30419
"2010";"Soil road (Km)";53286;..;2609;50678
"2010";"Inland waterways (Km)";47689;8953;12489;26281
"2010";"Inland waterways weight under 50 tons (Km)";30249;1088;6449;22712
"2010";"Inland waterways weight 51 tons - 100 tons (Km)";5867;1232;2795;1840
"2010";"Inland waterways weight 101 tons - 500 tons (Km)";7465;3362;2600;1503
"2010";"Inland waterways weight 501 tons - 1000 tons (Km)";2792;1960;606;226
"2010";"Inland waterways weight over 1001 tons (Km)";1316;1311;39;..
"2010";"Number of bridges (Unit)";28574;2991;7590;17993
"2010";"Total length of bridges (M)";966401;153436;287457;525508
"2009";"Road (Km)";180549;15065;36225;129259
"2009";"Asphalted road (Km)";87941;14768;25850;47323
"2009";"Stone paved road (Km)";8898;..;2655;6243
"2009";"Mixed stone & soil road (Km)";37060;297;4429;32334
"2009";"Soil road (Km)";46650;..;3291;43359
"2009";"Inland waterways (Km)";40116;8509;12408;19199
"2009";"Inland waterways weight under 50 tons (Km)";22638;1008;6154;15477
"2009";"Inland waterways weight 51 tons - 100 tons (Km)";5873;1216;2659;1998
"2009";"Inland waterways weight 101 tons - 500 tons (Km)";7657;3257;2902;1498
"2009";"Inland waterways weight 501 tons - 1000 tons (Km)";2305;1412;668;226
"2009";"Inland waterways weight over 1001 tons (Km)";1642;1617;25;..
"2009";"Number of bridges (Unit)";24102;3151;6079;14872
"2009";"Total length of bridges (M)";759261;159051;195865;404345
"2008";"Road (Km)";171392;14611;32119;124663
"2008";"Asphalted road (Km)";80108;14430;23704;41974
"2008";"Stone paved road (Km)";8325;..;422;7903
"2008";"Mixed stone & soil road (Km)";37356;181;4756;32419
"2008";"Soil road (Km)";45603;..;3237;42367
"2008";"Inland waterways (Km)";35386;6458;10574;18354
"2008";"Inland waterways weight under 50 tons (Km)";21839;915;5784;15140
"2008";"Inland waterways weight 51 tons - 100 tons (Km)";4932;973;2331;1628
"2008";"Inland waterways weight 101 tons - 500 tons (Km)";6229;2513;2356;1360
"2008";"Inland waterways weight 501 tons - 1000 tons (Km)";1267;964;78;226
"2008";"Inland waterways weight over 1001 tons (Km)";1119;1093;25;..
"2008";"Number of bridges (Unit)";28937;3051;6101;19785
"2008";"Total length of bridges (M)";746977;153730;196384;396863
"2007";"Road (Km)";160089;13554;31575;114960
"2007";"Asphalted road (Km)";66010;12768;22086;31156
"2007";"Stone paved road (Km)";10231;275;865;9091
"2007";"Mixed stone & soil road (Km)";36150;392;5034;30724
"2007";"Soil road (Km)";47698;119;3590;43989
"2007";"Inland waterways (Km)";34759;8144;10217;16398
"2007";"Inland waterways weight under 50 tons (Km)";19599;1149;5490;12960
"2007";"Inland waterways weight 51 tons - 100 tons (Km)";6138;1666;2734;1738
"2007";"Inland waterways weight 101 tons - 500 tons (Km)";5846;2680;1672;1494
"2007";"Inland waterways weight 501 tons - 1000 tons (Km)";1953;1504;243;206
"2007";"Inland waterways weight over 1001 tons (Km)";1223;1145;78;..
"2007";"Number of bridges (Unit)";28336;2938;7773;17625
"2007";"Total length of bridges (M)";656313;135766;201909;318638
